{"train_loss": 0.21816606804222505, "_timestamp": 1745749509.683646, "_runtime": 17952.991587877274, "normal_loss": 162.31874084472656, "wall_loss": 107.41329193115234, "_step": 3}