{"train_loss": 1.8493546248520256, "_timestamp": 1745749747.1930358, "_runtime": 18197.252457857132, "normal_loss": 117.43144226074219, "wall_loss": 68.14301300048828, "_step": 3}