{"train_loss": 2.6229630850634993, "_timestamp": 1745737478.315764, "_runtime": 5928.3756539821625, "normal_loss": 110.78125, "wall_loss": 58.16553497314453, "_step": 1}