{"train_loss": 1.854248956903251, "_timestamp": 1745750268.0957325, "_runtime": 18717.07486152649, "normal_loss": 212.80764770507812, "wall_loss": 144.85716247558594, "_step": 3}